TeamSize	Mean	Std
10	-10.2724084	11.57946026
20	-20.36063227	10.28605807
40	-39.5580217	12.06022763
60	-56.11385667	14.00834761
80	-85.58022441	21.49375592