PowerLevel	Mean	Std
0.2	-62.04306514	15.22700922
0.25	-34.7907619	7.410900518
0.5	-12.37670778	1.246231066
0.75	-9.577922324	0.7521104177
1	-8.570269031	0.2262261594