Velocity	Mean	Std
0.05	-36.31241607	13.75054728
0.1	-44.58908187	18.65233964
0.15	-39.5580217	12.06022763
0.25	-48.58376558	14.56872624
0.5	-45.58706651	11.94038701