Baseline	Mean	Std
0	-18.869417050000003	7.113312803079229
5	-18.869417050000003	7.113312803079229