Baseline	Mean	Std
0   -42.02557464	8.780130239
5   -42.02557464	8.780130239
