Baseline	Mean	Std
0	-18.833924775	4.233360837868509
5	-18.833924775	4.233360837868509