Baseline	Mean	Std
0	-41.743004781249994	8.025178237951103
5	-41.743004781249994	8.025178237951103