Baseline	Mean	Std
0	-35.23902406875	3.456875449953425
5	-35.23902406875	3.456875449953425