Hops	Mean	Std
0	-58.57425275	12.5538696
1	-37.13885257	8.629954515
2	-40.14880499	8.536002152
3	-53.65543452	16.23798813
4	-40.78189858	8.528399974
5	-37.53784975	9.547880205