Random	Mean	Std
0   -44.43993209	9.464686503
5   -44.43993209	9.464686503