Random	Mean	Std
0	-37.80510046875	3.783245368323227
5	-37.80510046875	3.783245368323227