Random	Mean	Std
0	-45.37027229999999	11.104353120984868
5	-45.37027229999999	11.104353120984868