RR	Mean	Std
0   -45.28342336	6.657293008
5   -45.28342336	6.657293008