Baseline	Mean	Std
.25		-58.925		27.72906
.375	-56.2465	27.14296
.5		-65.9371	30.54304
.625	-69.1307	33.81654
.75		-74.2279	35.60157