Baseline	Mean	Std
.25		-47.4317	10.65129
.375	-47.8538	13.04848
.5		-49.4185	14.71926
.625	-50.8804	16.9169
.75		-51.9732	18.55485