Vel	MST Mean	MST Std
0.15	-46.25647964	14.8173309
0.25	-44.7880185	13.35453211
0.325	-46.34373888	13.85982487
0.5	-49.29208254	22.85255526
0.625	-44.82019296	14.17112622
0.75	-49.1777077	22.91916806