Vel	RoundRobin Mean	RoundRobin Std
0.15	-47.1053591	11.22467754
0.25	-46.72205427	8.519867745
0.325	-46.69144796	11.22020879
0.5	-47.48258796	11.14923853