Vel	Random Mean	Random Std
0.15	-49.24909249	20.32350651
0.25	-48.27024719	18.0605671
0.325	-47.82527909	16.96698769
0.5	-53.47480329	24.99945679