Baseline	Mean	Std
.25		-47.974		18.96538
.375	-50.2266	21.43799
.5		-49.2		20.10382
.625	-56.3225	23.31378
.75		-56.893		28.59851