Vel	Mean	Std
0.15	-36.60756208	9.834985312
0.25	-37.92056437	10.08578165
0.325	-40.31118939	12.99284679
0.5	-41.61304005	15.87461059
0.625	0	0
0.75	0	0