Vel	Mean	Std
0.15	-65.93672355	18.55476961
0.25	-96.37451899	23.77086843
0.325	-72.32443027	15.30429057
0.5	-102.9997305	17.30702766
0.625	-155.8777664	12.71279376
0.75	-96.48685509	24.05285948