Baseline	Mean	Std
0	-12.0912083	4.941175914
5	-12.0912083	4.941175914