Baseline	Mean	Std
0	-12.505405449999998	3.895029134990093
5	-12.505405449999998	3.895029134990093
