Baseline	Mean	Std
0	-21.57787555000001	7.6425075433407175
5	-21.57787555000001	7.6425075433407175