Nagents	MST Mean	MST Std
10	-8.8671664	3.400624771
20	-15.6132948	3.48693799
40	-25.14808691	2.96274528
60	-33.49877367	3.185767892
80	-39.736038	2.97384158
100	-45.47448886	3.129867457