Nagents	MST Mean	MST Std
10	-10.2404	2.846376
20	0			0
40	-41.2736	5.777274
60	-55.9978	6.170738
80	-69.4837	6.147645
100	-80.7521	6.014095