TeamSize	Mean	Std
10	-15.7698033	12.69317837
20	-22.55030813	9.729886194
40	-42.22517367	17.87259717
60	-63.03328937	22.58603008
80	-80.7207228	20.34784676