TeamSize	Random Mean	Random Std
10	-12.5219783	6.914265724
20	-23.76769505	9.068409326
40	-50.06381544	12.56171876
60	-67.41670596	12.5448798
80	-83.40099257	14.78209871