Nagents	Random Mean	Random Std
10	-10.2434097	3.657001989
20	-22.1481699	4.28086742
40	-40.71440814	6.020255455
60	-53.76542177	4.654322631
80	-67.70657932	5.016784898
100	-76.97920937	4.652935273