Nagents	Random Mean	Random Std
10	-10.2247	1.849347
40	-40.6669	4.210964
60	-55.6988	4.729168
80	-68.9549	4.76581
100	-79.7077	4.87228