Nagents	Random Mean	Random Std
10	-6.76268	2.484802
20	-18.196		3.414
40	-48.2207	5.44649
60	-81.0346	7.36685
80	-112.903	8.16285
100	-142.084	8.196536