TeamSize	Mean	Std
10	-7.2612183	1.834839386
20	-18.2519636	3.970411623
40	-34.79690374	7.67826454
60	-60.16694827	17.25559134