Baseline	Mean	Std
.25		-21.7233	22.11777
.375	-36.1256	33.45489
.5		-117.642	128.9868
.625	-180.319	228.1737
.75		-300.003	326.1226