Vel	MST Mean	MST Std
0.15	-0.1866179598	0.1283334604
0.25	-0.4629049782	0.2004958417
0.325	-0.8244350675	0.3754077165
0.5	-1.939259587	0.8338521006