Baseline	Mean	Std
.25		-15.4306	14.42511
.375	-25.4425	27.67082
.5		-63.9193	73.83829
.625	-106.086	118.365
.75		-168.374	165.7285