Baseline	Mean	Std
.25		-15.9851	9.02297
.375	-28.2409	21.32754
.5		-69.6348	48.98943
.625	-116.454	90.69547
.75		-173.974	136.9975