Vel	Mean	Std
0.15	-0.2891023796	0.1226432736
0.25	-0.9151171736	0.504329028
0.325	-1.360597174	0.7903585934
0.5	-3.390075513	1.751397789