Vel	Mean	Std
0.15	-0.2171913891	0.09094063705
0.25	-0.6583487881	0.3047780161
0.325	-1.038424956	0.6749648255
0.5	-3.042226197	2.32278116